id,count
151603712,26
187131847,1
59945701,22
53875128,197
140954425,1
26122540,7
176410694,1
150128162,1
197455089,1
63024728,1
297811211,3
76933274,1
218323237,3
302186258,1
126340495,17
194895541,2
170625356,1
167362888,1
208649703,1
225987202,1
195071563,1
254906420,1
247160953,1
308653033,1
144138643,1
97298878,24
173909336,3
198572546,1
219509107,1
202906503,1
92107940,9
251431515,1
233558010,2
99189757,1
30695285,2
259648553,1
201069271,1
48845802,11
226212066,10
221430493,1
62923086,1
250006052,2
65117175,68
227944885,1
144004384,1
236557903,3
11373749,204
140293612,1
187851224,1
192921532,2
54103616,21
222277839,1
298547051,3
264253640,12
125718844,1
230599183,1
280061602,1
38763767,1
164543231,11
163617342,9
295931968,1
165034415,1
298389371,2
27543430,1
126640783,1
119410870,1
243440565,2
157694162,1
154868247,1
263856756,1
124395695,1
126656629,1
197821092,1
294797577,1
228507886,1
272425320,1
49769103,5
202742019,3
239397807,1
300601393,2
109278470,3
197509386,1
92842632,3
103973922,2
5270060,5
171847029,21
111479516,1
64350600,13
117217039,1
93085014,4
180331040,1
180596443,6
303032390,1
150103338,1
92173524,3
151229648,23
253773352,1
250870371,1
175143479,1
56038151,62
124884511,2
148928721,12
150965343,1
46759859,4
268158408,1
257377008,4
133262375,1
202092286,1
136554467,2
185040259,1
287943546,1
136246724,1
189191657,6
57234698,5
198201128,1
55446861,1
2428602,2
104077418,1
252438345,2
164927653,1
272820556,1
9544834,3
287061478,1
32592631,10
57103808,64
215578265,1
197172884,1
242349023,1
99609673,1
63276972,16
183005527,1
92342574,2
255168531,1
87445402,5
248613483,5
107948398,3
84668956,1
226130045,1
145904806,1
164591420,1
171982044,1
187533357,1
94088853,27
48058475,10
170095814,15
212751581,3
301883131,1
31887051,1
116085629,1
106238372,3
202395275,1
248444377,7
25941262,2
148510973,18
64369759,57
289893544,1
223471406,1
210778610,1
125699277,1
173857208,1
9823354,129
165269326,1
226033921,4
232064401,1
141593973,1
174965596,1
100519466,34
107886872,2
153415214,1
180789959,3
236541446,1
155997063,1
168031436,16
169358223,1
181269219,2
162543176,6
95898619,7
185685666,3
308280913,1
69857045,1
215492239,1
16167221,25
19586574,20
200759485,2
82792088,1
153290864,1
213909719,1
219446813,1
41883322,22
260269555,1
186333740,1
237047627,1
142004534,1
99017037,3
170491009,18
195459356,1
30280104,3
227153589,1
64365339,3
103669953,3
299670894,1
237275985,1
178709401,1
198156213,1
190231757,1
76216184,1
96674283,1
212284721,1
20321898,1
48239695,6
207216516,1
201512283,1
293463755,4
131227694,12
201697182,1
150751526,49
241208825,1
249165768,7
124462762,3
239478937,1
83851086,1
145658798,1
210669058,1
130280718,15
81569401,1
186996848,1
108601099,1
108560573,6
89161051,1
287706524,1
65716118,21
144004666,1
58237510,6
113308351,1
303326013,2
154210162,1
146463817,1
303693006,1
98152188,1
231450817,1
162649407,5
229467150,1
246892835,3
288856904,1
75228114,2
36553207,1
70165453,2
143693450,1
139955299,1
136021775,16
39446138,4
211404615,1
215540943,8
81743539,5
128790593,15
198346312,18
155182551,1
169218314,1
252016836,1
124777563,1
217268143,1
88919723,1
26802825,14
27117407,5
78332414,27
291151096,1
130201800,10
88585138,2
154671192,1
139352395,1
143459727,7
42681063,7
169337011,1
260118401,7
201445671,1
24932641,2
193987636,6
242549338,4
209729995,1
71082079,4
212521878,1
166705920,1
228302915,4
64315060,1
246056879,1
154406815,1
141037251,1
74154832,1
298979438,1
149318464,1
29835809,1
174813416,1
42928788,49
269437356,1
61444633,3
298519243,1
25096601,53
120377800,1
233160273,4
33591806,1
157397663,1
234024191,13
88735140,1
115003799,1
57866383,2
168845004,1
144347801,12
112590296,1
209193781,1
42061089,76
158267574,1
307239317,1
62654923,11
56256991,5
86338111,31
67923337,1
149501464,1
74232403,2
305808638,1
83978676,1
82235763,1
146682210,1
300645203,1
211925330,3
178717672,2
218354629,6
288854118,1
189822258,2
194791978,1
202949952,1
130954987,1
108877388,4
214366018,1
72576293,1
179686274,1
227083521,13
236775073,2
286701848,5
253983004,1
162582760,1
112994491,9
85614332,1
211760999,1
216653925,1
124451578,1
58152057,1
111316830,17
185283602,1
92914917,108
135599605,1
158173228,10
147563118,1
138847348,1
77870593,14
161383225,4
60760816,1
253006481,1
72842694,109
290367158,2
42223842,1
144508237,1
17649444,23
214388411,1
141161011,4
54916182,1
168041218,2
155881626,2
23663429,1
201176964,1
179481154,4
246753573,1
115396529,4
255957600,1
276118496,1
43804972,1
216115170,1
182579698,1
242412972,2
215008934,1
161220142,1
20200395,57
32498610,10
292731142,1
43321203,1
221952355,2
4834220,16
189623540,2
208071792,1
65229865,30
53079481,1
146809006,3
240524467,1
183103599,3
181064527,1
65958466,97
77905942,5
181321171,2
172348107,1
215748805,3
129520075,6
276055488,2
230952269,2
248255491,2
165216297,1
234292025,2
226923581,3
134590374,1
43908860,16
203238341,1
228343275,1
198249024,3
248518501,1
308692673,1
105796956,1
186055359,1
87821312,2
85714521,14
170375966,1
130950166,1
194545521,2
109458201,3
23718710,1
126602285,1
252696188,1
95440541,4
49767455,23
304222866,1
303269114,1
238411403,1
97238489,1
58117481,1
61676491,89
223991842,1
166753156,14
135879753,18
101369449,3
176033341,2
103363050,1
171512034,1
267438860,1
68224834,13
110928152,1
155613860,1
157469247,13
80119032,3
128831281,1
176743370,2
122803519,12
187498422,1
34177747,91
138929901,1
170760116,1
124712421,6
110879737,1
187678142,1
175033323,4
58192081,1
175945017,1
44866715,53
176750719,1
86686260,4
57088976,1
23883383,5
184794116,2
239794225,1
232207754,2
47519224,1
235194002,1
141677474,1
161816929,1
304848876,1
198893163,4
111343998,1
49350285,16
236950689,1
31727716,28
285926554,1
142001340,15
60217594,31
291447290,1
14165501,2
169414467,1
148976064,1
113045977,1
196223620,12
197090954,1
85643975,8
242013874,1
126158311,1
71687719,1
157414627,1
242781058,17
303525289,5
282307340,1
50246981,1
88296152,5
264929688,1
230633575,4
127706455,1
117129725,1
42005897,61
187283749,7
201990605,1
87879009,4
283853460,1
42099265,7
300534109,1
4064412,4
183382406,5
242242432,11
91800733,8
93812486,3
191480137,2
293691139,3
293269191,3
227777777,3
145844862,1
205634951,1
216040174,2
172318605,1
106760673,30
62539628,3
251928689,1
149438233,2
180955576,1
87162199,6
167874227,1
286095646,1
198417932,1
234838943,1
79407831,1
156312176,1
81139130,6
167017825,8
213406926,1
259791209,1
78799565,8
309824202,1
138412880,1
228170321,1
36154073,2
210744685,2
183300822,1
229791471,2
262861632,18
242896221,1
170473291,1
162999869,1
298913000,1
104055167,11
170527593,1
178893007,1
159365538,9
135540095,1
201743677,1
109201849,11
123245831,1
237468202,1
214077903,1
259268105,3
96771844,3
196119233,1
149291366,3
273544140,1
1950243,44
244878837,1
110095045,3
294281624,1
229095219,1
62985928,16
182220992,9
266888336,1
278567826,1
142183287,2
43913966,102
209127185,1
153164320,1
259330363,1
121280370,15
149122593,1
286545176,1
255467165,1
219466905,3
69132252,1
143734410,1
141414004,1
47409520,1
131730206,1
126098408,11
163137081,1
127813787,3
120725727,6
151397156,2
198105109,12
118894547,3
283975164,1
117531196,83
49110638,1
190788774,1
193129684,8
108755905,1
202340310,1
144737312,1
171874166,1
87071236,43
178915960,1
62317148,1
204459221,8
37708732,5
103620349,2
216921535,2
156407138,3
293360401,2
140065934,1
1364546,2
181608676,20
192277804,2
83813208,1
86150792,3
130290346,1
214736709,1
101487265,3
76319436,2
58977564,4
205546094,1
182399789,52
156458299,1
64787956,132
41883229,4
139854220,1
131973876,17
163861892,1
187374370,1
302345333,2
303322239,1
299060755,2
180743752,2
188241866,1
106057222,7
178883999,2
170267441,1
277003854,1
212310741,1
44482198,40
89286594,5
299364834,1
192264666,1
112088340,1
200175559,6
138570935,9
178007464,1
194680258,1
75034989,1
248878320,1
29383643,1
195171884,4
128478373,1
37179655,1
135177440,4
139396034,1
300089223,1
90650405,1
55623839,4
136913396,2
110150300,1
60594845,1
141566602,1
12070928,1
205827348,1
299833904,1
291846968,2
74565055,1
80022321,4
109271976,1
242469861,1
58029555,5
91881892,3
49845280,1
58667850,2
234559223,1
111456195,1
113423671,4
181840406,1
79411077,22
208127048,4
167202599,13
191507469,1
77136810,3
249232725,16
32467994,56
259053705,2
138656604,1
271808456,1
246303844,1
299914260,1
121360145,5
203745259,1
206398775,4
159129006,1
238773402,5
164271888,1
83751255,2
278099058,2
30527047,2
163662283,1
172086978,1
96977722,2
184812615,1
207234237,1
241603501,1
144565105,1
118725402,2
160640171,9
156799348,1
4485779,1
295708462,1
304497842,1
168925642,1
93575977,1
68316900,33
153026960,1
27417971,2
102825821,79
218680215,7
285380840,1
71943253,1
167106826,3
142475478,5
154281477,1
239299518,2
86915561,1
150882304,10
277679482,2
160264413,1
98312003,10
141693292,1
161444156,3
54194546,25
148860618,1
200491490,1
199899325,2
160427210,23
242815838,1
167360036,2
140672677,1
204888877,2
283498338,1
208491021,4
299776839,1
54739142,2
299489226,1
196237754,1
30988672,1
149053502,1
297517705,4
128964236,4
279734186,1
302553338,2
204495708,1
180534642,1
260320188,13
237554603,1
196862501,1
207270682,1
147602462,71
76171050,2
200471514,2
221083006,1
58439284,4
206696458,1
137508279,13
169277417,3
309038666,1
186597710,1
73141776,2
90362252,1
52907921,34
178269176,2
171932001,1
152082114,1
164699741,1
158211774,1
201081230,1
146813551,1
103574570,2
101315169,1
179001580,2
56790646,1
299440710,1
266829332,7
58768356,24
240477898,2
251706843,6
130324181,23
12610800,165
231029951,16
136778642,1
30036927,2
172666220,14
186305384,2
181118785,1
83420834,8
106170243,15
187588985,5
64394438,2
225245513,1
231808839,3
21138994,3
160550083,1
104032602,5
158655873,1
242782489,2
260048725,1
73012771,1
271030096,1
97017439,1
179014686,1
126471719,10
169061944,1
11973378,1
99992274,1
291293152,4
75277726,6
118664413,8
186139058,1
178290786,1
184899103,1
163043651,1
248532700,1
166747492,1
28696163,1
220489263,1
146999982,6
78341587,77
108183518,1
106235885,3
87832209,30
115806772,3
18869916,1
10216256,1
259994621,1
65421540,5
5232588,3
37092665,1
67628444,5
195800610,1
206210282,3
17299575,1
287668512,2
193442134,1
15680561,3
101030173,1
57798235,15
286468828,1
288449536,1
138483324,1
139769742,1
215833301,2
260132853,1
217917011,1
77792512,3
285282740,1
147859903,29
95761491,1
47506504,1
154527422,1
204829406,1
190961031,1
170384573,1
90541290,14
82174211,22
162179898,1
192436140,1
238466173,1
298222970,3
303300985,1
207406826,1
85547059,1
260686668,1
96014467,29
38055594,2
215160630,30
218952383,1
224943279,1
229179750,1
68049243,12
115275499,1
168377116,1
181297952,1
216189719,1
159777976,1
4325465,1
41934963,1
48028873,69
291907288,1
51905751,3
57433226,17
95203343,1
222319850,1
217368291,1
193494703,1
303024195,1
202598205,6
161248480,3
215508170,1
131940023,52
297279953,2
252507011,1
172437595,1
95911580,13
130021142,2
175270022,1
126074325,1
239235805,1
93413084,21
189451813,1
64366280,3
136495026,18
236596014,6
200750585,2
41089194,1
24366790,27
98928829,7
242094123,1
89732768,19
152302676,1
124556386,25
87907200,20
206807160,1
110489310,5
194097479,1
241348923,1
123732393,1
216025815,42
158159336,11
228706143,1
298263185,1
296917506,1
174415183,3
191810425,1
86332470,8
221695617,2
54888069,3
289524714,1
86978692,1
181373107,1
193156880,44
15951451,1
64971477,2
222035871,1
107377573,47
171452409,1
251164636,6
173051184,1
74811317,1
50967861,1
156859477,1
298505728,1
62545742,15
204749083,1
273817824,2
294391279,1
103373255,1
23492094,45
201816765,7
132180557,19
195147702,2
200560312,1
39758678,8
7431946,27
200345112,1
196594918,1
274410276,1
241230534,4
115037563,42
194842424,2
236434806,11
239611310,1
114972372,10
281216836,1
70970228,5
77279068,14
245350724,1
111003429,1
159946174,7
269770460,1
216931933,1
80164199,9
129796010,1
249626280,6
307242646,1
306690580,1
154105212,1
20643309,1
31887973,3
250378500,1
215518655,2
199047757,1
198825628,2
235359505,1
144276946,1
195694153,1
255085221,2
129825010,1
98278869,1
69587339,5
234467038,3
193471217,1
95137775,12
191747590,6
163961414,1
56333620,20
309626088,1
186885794,1
102322335,1
147251779,1
96204317,11
160922242,9
286445618,1
120639809,1
205532682,1
151481334,1
225787781,1
175720527,1
196894502,1
165020079,1
55143039,5
202600291,1
127977081,1
245064847,1
70751853,1
202585832,1
178168238,5
7440594,41
131032344,12
237388314,1
82792464,1
138242360,1
259934396,1
94356420,1
214276866,1
228908339,7
206597662,1
77378306,2
52942891,5
170176187,1
199134746,1
83219649,1
92393218,59
85759872,8
98625085,1
59537590,2
226734923,1
72958745,6
103805799,1
114364553,3
163988065,1
171918937,1
202043465,1
112110682,22
281376430,1
174204642,3
154123088,6
298478157,1
29915651,2
103171339,1
296426951,2
303090541,1
293002110,1
14098833,2
197765864,1
165523661,1
56198811,1
237298602,1
75011941,5
115192877,4
272181160,6
186450119,1
233648242,1
205014771,11
182412202,3
95044091,6
70052469,1
156156544,1
182621430,1
72488020,3
253622624,1
227861587,1
74161590,15
102838001,1
141246626,1
81054122,6
232664241,1
166242802,1
202140315,1
160469883,7
153774422,1
161405419,2
66713604,1
257491997,1
86779448,4
205343727,5
204703234,1
174896111,3
282408930,1
106147454,67
126876615,1
166858869,3
279603258,1
146326949,1
94086389,2
290895974,1
295021107,1
143137329,1
154617624,1
114132445,1
259829971,1
257702137,1
217709850,4
57974873,22
242471645,1
115813584,1
188226310,1
100478352,1
132875638,1
76916895,1
301805182,1
158469748,2
174103314,2
278609462,1
129272742,1
26430231,35
233277671,2
103012052,1
147029458,1
205823360,2
34102593,4
284064476,1
254331853,1
252694471,1
284863484,1
224197206,1
28040133,1
293881991,1
36439985,13
152861732,12
28064589,11
267053376,7
113058136,1
71603645,6
233865573,1
221257958,1
270169680,1
176736380,1
98463542,5
206155181,2
302916505,2
95273667,2
292936227,1
253209919,1
180048039,1
18319108,1
62601134,1
128240584,2
204541576,8
84455820,82
204813749,1
258834833,1
286637360,1
189858084,48
199535718,1
216396749,4
109475164,1
150396347,1
263516648,1
200933876,1
176682744,1
32749624,5
60424237,1
180622295,1
210172601,13
80905023,1
148576413,1
4986667,1
202017729,1
234770287,1
56957512,4
55906627,1
190945239,1
73187712,3
207590964,1
93644606,50
234108053,13
71704418,5
295202708,1
236735185,1
236911498,1
236245395,1
129982462,1
163237086,2
158363887,2
95586525,2
65394447,1
115959445,5
225376053,1
80117314,1
141873792,23
140825164,35
176539817,25
257422299,4
184480011,1
228512803,1
149689548,2
182929175,2
225176638,10
223324734,11
303061131,1
171911285,1
82418411,5
120116659,5
256452263,4
211357825,1
74347105,19
241645675,2
32488724,1
128412180,1
243816387,3
118792304,9
39524248,4
174585005,4
123546767,1
30115594,3
8334557,1
247219864,1
142414329,1
138259286,2
279203738,2
226357303,1
162654590,1
37827989,29
202160372,2
48080423,11
275151488,2
74557142,1
24972502,1
9134079,3
240964291,1
302533082,1
233595859,1
252200924,1
186814006,1
292158722,1
249570072,10
242866563,1
96674526,2
189125890,1
172195770,1
26090223,1
195840346,1
289383568,2
205029231,2
241524841,1
87734805,84
34658438,3
138460230,1
122847338,4
242836440,1
104709012,1
178117765,1
121255383,3
120143206,1
118808320,1
229312905,1
249480143,1
13565651,102
199693744,1
132800758,1
134967717,16
166811621,1
196437409,1
296225264,1
28633466,1
154624403,1
216674215,7
119350525,1
238378861,2
118859786,2
161309693,4
165842250,1
175612514,1
102949215,1
136341868,1
237036035,1
69946630,6
92322563,1
262474788,4
149081421,1
131995566,1
145078067,1
65420540,19
196086652,1
203746661,1
226597231,6
200517250,1
117036229,1
35729292,30
158476996,15
101690993,76
82020006,17
189429276,1
218215123,1
198741200,1
216211930,13
42127150,1
294250383,1
255076487,1
219780322,1
236054259,1
142494421,1
198071235,1
155838344,1
149832495,1
103984034,2
280721592,1
136520135,1
97069030,12
296139952,1
300035772,1
177519904,3
106028574,1
260729536,1
28031199,5
219554846,1
138655214,1
21075893,1
53898495,73
240400609,1
242300881,1
219080305,1
64392327,10
175423011,3
77830706,44
200039228,1
292196792,1
268935456,1
14758912,1
249495968,2
187692242,3
44021324,9
197279094,3
93578126,2
282923824,2
134839311,9
198314976,1
169964396,5
285545510,1
89229462,1
131876863,22
305912574,2
155471453,1
35009482,17
136135322,88
230213922,1
8542204,35
300620379,3
138080934,1
203422894,1
194670621,30
188684344,1
253424499,1
81585721,67
72588600,2
281579960,1
144144570,1
33261284,1
205636324,2
75231491,1
167752146,2
120141290,1
84395245,1
133355027,1
234555589,2
135329995,1
111795034,3
86733992,37
278209338,3
150720815,1
194071007,2
51951401,1
210725110,1
298857855,1
301432974,1
26101823,1
175430751,1
234758647,1
76420334,46
190754099,2
94272610,1
121727972,1
69009454,134
225851590,1
220887518,2
301110007,1
292976473,1
45422636,10
145670348,1
67492611,26
293378273,1
266836892,2
120698121,1
290334662,1
105590063,1
112694811,1
121150146,2
197363488,2
199603191,11
228320359,1
157058673,6
133439311,1
308452993,1
201737586,5
176890431,1
175849081,1
212041058,1
43360645,104
142650116,10
286761300,1
239779234,1
299905842,1
112784971,2
30425578,32
309404240,5
229334262,1
199047397,1
170329549,3
160139917,1
148761419,2
211544205,17
45974860,62
215917975,1
277768228,1
199121928,1
185078775,1
95542056,1
243536793,2
115821787,1
14417857,21
160844169,1
83198547,1
162024985,1
150623264,2
240820377,1
294888042,1
135545063,1
80386506,1
143177422,1
289075484,1
82212295,5
144736928,2
111044780,6
271013192,3
239306186,1
296254406,2
108727716,1
141027992,1
156669447,1
207647609,3
66950079,32
38100517,2
53181165,3
154137401,1
92788681,2
259402641,1
297340487,4
59383825,5
206904972,2
83572990,3
298173249,1
239296422,1
85366890,32
142971534,4
210419195,1
182422786,4
181523551,1
211315837,4
105736077,8
163027169,1
244069576,1
105877396,56
212302055,1
163140792,13
98649241,27
185914106,14
302642693,1
204793925,1
296439514,3
216317211,1
161140815,5
287812798,1
162319690,2
254331891,1
171541210,1
295832595,1
156742049,1
127850470,23
39082468,32
80779496,102
305697665,1
212875606,1
84610577,1
43189361,3
138129129,1
68372559,1
31733654,15
158495272,8
254715417,1
199693353,46
144202828,1
240508393,1
24011187,22
97634356,8
169258848,1
243664576,60
73094226,2
146449077,1
163801892,1
235037893,2
105261470,1
24469287,284
157138238,1
107285166,1
255706163,1
249607464,3
301776008,1
55112407,5
299950927,1
63391345,1
294667556,3
91405713,1
67791342,1
182491331,5
32939936,1
165565786,2
213858385,2
188321266,1
43186470,4
115287826,3
192976811,2
72207742,8
134615317,1
187462362,1
204748975,1
119368216,8
243429504,1
39622853,103
158899877,1
106806146,22
308220794,1
78996406,1
171280641,1
122328547,1
164259079,1
168375605,1
159152280,3
89867101,1
299965727,1
169308850,1
201945992,1
212466515,19
214606702,1
85045079,1
155069128,1
284490460,1
196960100,1
207022512,1
116617462,34
233269570,1
115325355,2
11403772,314
227863185,2
139433517,1
254814380,5
82695118,3
195322037,2
50744279,69
186673066,21
240312742,1
244855763,1
66078954,13
188491294,1
225289523,2
130440628,1
82046939,62
112459307,2
258774423,1
111754806,83
145927933,12
139149185,2
107131506,10
189818681,7
20683035,2
161637382,1
86355338,2
158944454,7
133609786,1
65872385,4
38968408,2
27171538,23
240405101,12
229111581,3
92314533,1
185849750,1
145722517,1
197157593,1
107383658,1
202465494,1
237156166,1
132057825,1
202625117,1
47453568,2
168839130,1
300538511,1
138349389,1
103966604,1
287948400,1
26753925,1
12130111,23
200083714,1
186193491,1
94819329,1
199948316,2
23096237,4
296557510,1
82728085,1
15305418,29
215786295,2
119170251,1
130303679,1
237704094,8
146427029,9
201769914,1
177146016,1
304435173,1
133729675,1
35330593,5
144824885,11
82448039,2
99077905,107
130146848,2
184161063,1
305093062,1
252159775,1
304032401,1
101395260,2
103093060,1
120970326,1
194966014,1
180283418,9
244441983,1
81104015,1
91125135,1
150039339,1
302054444,1
90884508,3
243141191,5
233847882,1
150386429,1
139049885,1
112919409,1
182988804,2
10385370,7
244908996,1
301117259,1
28424408,1
244376049,1
217756269,1
191477470,7
217580279,1
238013546,2
221042905,1
201678836,1
71760673,1
192204940,1
197642964,1
273901604,1
142001485,1
211267410,2
33300480,3
191592097,1
88344296,22
223124802,1
214252753,1
116325720,10
86635197,1
9128105,161
282638848,1
124763074,1
118442089,1
224777419,1
147381026,1
201089557,1
204624428,3
244722763,1
301070733,1
126308758,1
194487033,1
194893507,5
245005581,1
79537725,1
72930582,5
102623516,1
30548861,1
53779471,8
197732882,1
58724834,3
203387556,5
131785763,40
114881003,2
145052189,1
184034224,1
164611728,1
193315427,1
121809665,1
21015565,1
206229824,1
58217836,18
252475396,1
127325079,9
140943875,1
95695156,14
197966478,27
143588434,1
186515716,1
71126210,1
173168090,1
292470488,1
203222843,6
86912006,35
188784538,2
298557690,1
202347606,1
166149095,3
141680691,1
59101095,1
200102265,1
152585209,35
227783598,2
57223013,1
217987498,1
193955543,1
58662652,2
43565258,1
173003298,1
202128053,1
230103206,1
121582062,1
222045462,1
281846414,2
130029851,1
88139607,1
217892263,1
10595342,4
117312360,5
173531795,1
209665002,6
203986235,1
156879739,24
188893670,1
135066372,9
64657716,2
120955239,1
139480472,1
191905471,1
258213980,1
97951693,1
39482136,1
293978986,1
143223745,1
118693973,25
30432648,4
163924362,1
244290943,19
233104650,1
90359362,1
112432049,1
217993378,1
158481852,1
114287682,1
290948882,2
104132805,2
199816966,12
116626402,1
165192959,1
202366002,1
245432485,1
232047954,3
26633617,2
7273540,2
25445382,2
200737797,1
283401578,1
149790632,1
145825155,13
142279088,1
119311184,1
150397316,14
212544433,1
59790700,32
183963121,1
12259303,22
96095486,1
136998614,6
218531534,1
294834367,1
199215257,1
66052983,50
93669877,4
84738098,1
218734858,8
97886833,1
126269125,34
172860957,1
32125590,10
250828184,2
35021321,1
106132774,3
170377069,6
250480120,1
168546873,1
184536712,2
44197725,1
3244702,3
86448907,1
239135689,1
207563790,2
153543959,3
164511211,44
11207650,31
173382820,5
115163074,1
104707698,2
174997093,1
194282276,1
83758687,1
15702351,4
238282687,1
171375833,1
38990345,1
188142305,1
106101617,1
45094639,7
87341384,57
170944796,1
148831715,19
144114673,1
213737989,7
294848255,1
219361406,2
252166407,3
87686595,1
181700777,1
188092362,1
208073859,1
301506413,1
121615038,3
141918894,1
120106834,7
122188548,3
81556495,8
295759540,1
113260911,9
24204083,11
28443095,1
177537876,1
95362226,2
251241445,1
49688948,1
183486202,2
95562622,1
297278471,1
283636252,1
168641975,12
200035911,1
302396512,1
201777630,1
225655173,1
237784559,1
77924328,4
150144638,1
151960085,1
301274389,1
77124916,6
121900241,7
161632739,4
179404476,15
2259650,111
234749963,3
276101850,1
192997918,1
51766884,1
141571751,1
192186232,1
234299035,1
279487658,2
84432612,3
121080515,2
54992167,3
282755920,4
161919513,2
59115473,15
308440565,1
231456970,1
203172944,1
133237267,1
225434610,5
92091548,1
60296891,71
261199100,1
200913780,11
292652586,1
183235801,3
129928069,1
269759752,1
239926593,1
111313670,1
225829163,1
104543500,1
109669093,9
282945740,1
103690917,3
204480360,1
99704390,13
234684541,1
256992469,3
277741936,1
181693930,2
131296919,1
303077093,1
13227113,2
239544929,1
170650631,1
233424343,5
46172640,1
6820462,3
200035884,1
130133036,1
237475162,2
130993597,1
173114158,1
259587307,1
142065874,1
240697615,2
136791084,20
242988245,1
232037254,1
189417273,2
97303314,3
213655302,1
116038263,1
284897982,1
30452777,1
203572706,1
9180659,35
33214968,10
283840654,1
196886916,1
282529842,4
238411966,1
230161291,1
2531540,7
185710844,1
302665101,1
141160698,22
46542904,4
287848624,5
224988881,2
98951804,1
131539267,4
232662797,2
242267002,1
239816635,3
71574303,1
145508370,1
187478430,1
85526871,1
185412742,3
169577811,1
189813843,13
127461395,2
77864647,2
1423371,1
159677499,15
139015518,2
84236369,2
66308898,1
49312497,21
263385816,1
125108218,1
285664668,1
97006419,1
146567789,1
288787646,1
192105970,20
106986812,18
71632904,1
78071174,1
214933922,1
182883046,1
248076396,1
220217607,1
260455932,1
240835613,1
114751336,1
213610494,18
196274659,1
87909217,1
83355221,1
82112070,7
148833344,1
231060378,6
201506696,1
198782797,1
86997363,2
52093628,2
102154135,2
71132696,1
256212075,1
217099682,8
226928441,4
207468782,1
201696785,1
71390526,63
199745733,1
242632396,1
210525366,1
231443162,1
186969279,1
52217458,5
95461199,2
135179790,2
48792936,1
94161846,11
295138491,1
58907890,11
191421015,1
241891753,3
163669475,18
166318971,1
206248602,1
27100840,1
101248210,2
61614735,3
111130695,25
227490126,5
75273484,8
186645930,1
110708539,1
214988530,1
152375240,1
206178043,1
199344685,1
249480968,1
162894458,1
133407060,1
34556248,3
40754921,3
162787304,1
171580979,4
214784227,1
145646661,2
114416197,1
218110241,1
123435296,1
108512521,3
181453879,22
59103567,1
307886547,1
272542868,1
59107320,1
187817597,2
176929122,22
297340723,1
234190577,5
233408698,1
138960345,1
67083031,12
105782521,26
288916596,1
244293895,1
240671554,1
242866088,1
274308276,1
294155812,1
228733650,1
148162764,2
150282867,5
298446224,1
120420435,3
233407123,4
14717252,3
245052241,1
236078667,1
72907554,11
116450986,2
208433111,1
282464648,15
260265776,4
78369082,1
101602586,30
176709931,2
182961604,15
245583676,1
175223006,1
202287486,1
112907304,1
166598655,1
21557528,2
207860755,1
33904278,3
138010203,1
232959254,1
186078229,1
208747788,1
89422440,1
210975085,1
10869571,2
209820105,1
180612782,1
308695132,4
95918472,1
221161433,1
164473026,1
100728962,1
205204457,1
147114426,1
22673724,1
147079200,4
202239376,1
177924431,1
92842809,2
188110199,1
149556407,1
198327032,1
167935300,1
285316500,1
123988363,1
75092930,4
201889336,3
1612666,17
225942169,1
278825568,3
83234559,4
219435905,1
204795948,12
195414910,20
93197620,1
79715089,10
142721011,1
190049238,4
120171057,2
234360501,1
37435998,9
284096202,2
227244326,1
114620302,1
170130950,1
160673726,3
275889776,1
286458362,1
260252363,1
207399776,1
98624963,19
8795607,20
122679931,43
181476633,1
204176632,1
127461743,7
83168693,5
183337134,13
49584661,1
252071568,1
258337261,1
114632006,8
256927813,1
33071192,7
188386352,4
293303005,5
184556544,1
161777161,1
96781711,2
277557242,1
161615012,1
149194171,1
164059206,1
177441119,1
110304598,1
193136822,1
223064225,14
201634197,1
233013810,1
218339090,1
199973616,1
107475554,1
60343142,7
124570576,1
91716452,1
135957644,1
162076421,13
150538933,1
199255181,1
202818659,1
289244540,10
65342306,47
57319696,1
47021871,1
110906645,46
101725007,24
231414706,1
206014489,27
27338668,1
135475055,1
196171528,1
300938059,1
131217195,1
156297441,7
43248011,3
164478205,1
188167163,6
31500407,2
30440303,110
81537102,1
298950,175
295117160,1
292422780,1
293204747,1
242819393,2
186154929,2
129501816,11
149873773,1
98102518,1
55319994,5
204199622,2
124142651,1
260207401,1
62878249,109
46534663,10
207926270,4
91828380,5
182604019,2
186871803,1
261336456,1
150137344,17
133800100,1
241424434,1
121480841,1
132381775,2
173234140,1
113039667,8
195453723,1
183026447,1
161186800,1
102244595,1
223595417,1
293758845,2
50801801,35
162479816,1
20630908,1
230947875,1
201576436,2
83671083,28
158265363,1
225933183,3
14216099,5
60557056,4
175690339,1
255306029,1
31839832,3
99766416,4
168011250,1
253611147,1
161084485,2
274785080,32
223660563,4
176590636,3
164608800,3
239099727,1
203114983,1
267250336,1
173940259,12
212570211,4
153097805,5
41294957,1
111529766,3
47500408,14
179772319,1
136557761,1
96282673,23
240955030,1
194266152,1
119211545,11
215039865,1
162214363,15
147228931,1
242052237,1
101641872,1
254836819,1
280275540,4
133267799,1
164711200,1
105048330,1
50699197,1
108219790,2
38323067,7
87059822,2
127894126,2
115404202,1
250364324,1
187865224,1
153633636,2
149505485,6
144578181,5
122026623,127
75639638,5
154745722,1
145132643,1
219894679,1
216047302,1
189795214,1
145507090,1
244844115,1
308122123,1
104826174,1
104408704,2
54293428,57
282349848,1
123397302,3
267633580,2
182076616,1
297771244,1
192245266,1
222134637,2
123325040,4
121535800,1
188641919,1
110268888,1
171383863,20
196324436,1
188627637,2
180800031,1
157341587,35
259263507,1
183999220,1
66939289,6
208470492,1
197406178,25
212758245,1
209219032,4
113444723,2
252978483,1
243712157,1
254935843,20
271047352,1
224998865,2
92025878,8
107652130,1
193811490,1
141408990,2
64060101,6
171252939,8
208061820,5
90672622,7
177457582,1
129525006,1
97291615,1
186642906,18
99723205,21
257108952,2
76856277,1
113771004,2
136866564,11
181212,2
251123935,1
246949212,1
106746754,1
106216084,1
86239250,1
44147477,1
307597897,1
138115430,4
182984820,1
121352371,1
53778883,1
105384518,69
36546868,235
133234931,5
277339358,1
204543155,1
231310711,1
104635003,2
173433898,1
223181037,3
146355606,1
261670300,1
170057163,1
171916530,1
238451023,1
170382539,13
149368095,1
37396841,1
237724900,1
102927775,18
175044682,1
156506614,1
296371285,1
172623126,1
186863874,1
129019336,1
283326616,2
241842320,1
275529528,4
72989129,37
72996988,56
298902962,2
23714890,1
140372243,1
73094362,4
95325409,12
98796965,1
152959594,90
161601485,1
22371742,44
100351493,23
176855190,1
73518199,58
66592754,1
20207081,9
77632511,3
245859173,18
270165540,1
268474336,1
192839333,2
303854541,2
99304780,1
206232608,1
271146672,1
252932627,1
249543309,1
85342296,1
135277795,1
69856757,58
116411567,11
100895530,1
83849502,29
125654059,1
115958331,5
104198851,1
100311267,58
258478416,1
40797591,5
23717586,46
301299641,1
189792144,2
189424582,1
66463490,1
302387415,2
111575581,1
254250501,1
177050329,1
142794497,1
101552080,3
35442153,1
284769694,1
195105284,12
300177729,1
172470005,9
193792189,3
47672756,19
261373664,1
111142411,1
181156459,1
246453577,1
77310637,3
152934929,1
141773234,6
250436709,1
183531966,1
115008799,6
164865114,1
145840451,1
152485214,1
294757149,1
301910202,1
39990790,1
163360656,1
300187809,1
141950398,2
91736333,2
166927601,13
73835640,105
197861486,1
302442858,1
190654528,1
121577821,2
158195187,1
276467194,2
28711405,2
206071342,1
75232211,48
278329690,1
281985866,1
101447015,2
302363079,4
266367020,3
69658686,1
234449643,1
129659946,2
13614852,1
209897237,1
78335076,3
151465345,1
173002032,1
151058601,1
118834514,1
246908963,2
189649899,1
225734651,6
123122821,1
296260221,10
58882137,1
252386228,1
211054311,1
175806506,1
300292281,1
133402780,1
200857908,1
40576653,1
147340721,1
221702697,1
46637811,85
253253005,3
139388319,1
80309714,2
229556803,4
124878949,7
170215786,13
202557205,1
295363571,2
236466534,1
62562867,1
300217861,1
218054193,2
199336988,1
144546440,1
184332447,1
170023764,1
57755503,1
147395962,3
234100567,1
172585885,1
188573606,1
54477968,4
131949880,1
190246455,1
195219679,1
131227682,12
150424384,1
272499996,13
223187857,1
85518568,4
140800500,1
293211305,1
235770634,1
224587014,1
202906277,1
228314669,1
238698018,1
242200471,1
296285114,1
195814783,1
70351792,4
285704870,1
257299708,1
71480053,1
35419030,2
192538478,6
171067153,60
116283279,13
149331941,7
153945772,11
61502266,1
102921672,16
230967602,1
124566319,1
73274639,1
260567796,2
113530439,1
186452942,1
259038184,2
149820947,1
213235578,2
160430559,1
190798987,1
210296537,1
118236431,1
248364783,1
104418822,1
22875444,2
224929163,2
144463433,2
62858973,6
165130273,1
199637398,3
205329032,2
233692859,1
170460109,38
231190223,1
36791999,12
635733,1
183170604,1
116494569,19
220302789,1
291527866,1
185390486,7
20464587,33
178224490,1
161211955,5
279204362,1
96723015,1
180836607,1
240157419,1
238285173,1
60859324,32
280027508,1
57905818,13
143127924,1
248155783,1
237281095,1
283482222,1
79542039,10
161007736,1
67713900,16
146016192,4
301249176,1
231191282,1
116756674,2
177734872,1
238625455,1
101826973,1
68540434,3
266035768,1
171665006,1
294255087,1
161672514,1
84824859,1
210824241,1
161428298,1
198019368,1
303007171,5
289428854,1
90956570,4
163558271,1
47164966,7
160725611,2
119670302,2
201600354,3
50837658,1
302477662,1
229203462,1
191792074,1
100053304,6
26729643,108
108223505,6
231469827,1
193012627,1
187937296,1
64137709,3
152983035,1
201680419,2
180763362,1
115655987,6
235239851,3
91815420,2
114244707,1
253549183,1
109969767,1
26461910,1
52321307,30
302328584,1
275086284,7
220808791,1
221738571,1
212146550,1
190502181,14
165779930,30
67001780,8
138375115,1
247544697,1
173394554,2
170264961,1
223133463,1
104470331,1
302004137,1
56002861,6
201283792,4
202775025,2
296106225,1
152793135,1
3527485,15
304037281,2
52863875,3
254095448,1
182548589,1
127606511,1
150472108,6
276505968,1
125226713,2
285860790,15
84555487,1
271886944,1
167608965,1
186010200,1
216029829,1
206701226,1
195584941,9
215127686,1
131237387,1
199768117,4
114617787,9
211088737,1
37490443,24
172766915,1
302228798,2
181230674,1
77018622,1
239488605,1
182478684,2
297391224,1
209804474,2
197666345,1
181112485,1
104727643,35
237012219,1
192012936,3
225848614,3
10144504,3
3674653,1
197949629,17
76177929,1
180887333,1
146994562,1
202700286,1
112944877,3
192274690,1
155242980,1
61099969,2
248899637,1
156382881,1
160042745,6
239449577,1
208994172,1
201763859,1
66615366,35
118541865,36
297925945,1
129910954,1
225512626,1
185515672,1
203735948,1
281857216,7
185467694,1
144515751,1
60736966,1
297650024,7
115358376,1
130581074,1
6717871,49
246439849,5
191857652,1
93021129,1
101597552,1
62352668,1
87938922,2
159000186,1
176771895,1
173249224,3
181593489,10
157391838,12
133573140,2
232864591,2
245816621,1
162844395,1
26465134,46
42777729,1
212519365,1
139122042,1
11978743,46
266885016,1
55776971,8
147440059,1
221432905,3
178675666,1
160310816,1
162763644,1
284189098,1
120405554,1
195248182,1
235297215,1
124234882,11
74749851,1
188991147,1
68337019,5
2083767,32
297089707,1
146230543,1
244193381,1
179936723,11
148467772,9
198350044,1
164948794,1
48429360,1
297022016,1
85968997,1
228826954,1
37466720,8
171087166,1
13646256,8
178730299,1
181329087,3
252963100,1
269347396,2
91479671,2
102175618,1
56497895,4
195130514,1
67694595,60
175063109,1
254544187,1
143124637,8
303486706,1
158923194,1
305993961,1
253469905,4
10809782,1
258602617,5
222642374,1
307708163,1
223586930,1
187484302,6
138455695,1
136705294,1
157109900,1
173558102,1
277283114,1
200376716,2
103520209,1
215380327,8
171726897,7
182822996,1
68025732,1
147064019,1
285252660,2
242914933,1
228063098,1
259057827,1
47644729,2
231472933,1
139673932,7
108569990,4
63615483,57
40286953,1
259953528,1
174357608,1
51300149,9
183803328,4
87424218,2
106834867,18
254205257,1
90809240,3
222284298,1
200036280,7
297510921,9
215627519,1
16081636,25
93907820,1
38049880,200
189971720,1
49669626,1
83589156,2
256613211,8
201929912,1
33282871,95
195193671,1
49893565,297
22689481,2
136850924,1
297838495,1
121154091,1
136301597,1
163001223,2
250497204,1
47291376,13
136640372,1
133885796,3
188189790,8
179848102,2
131533123,1
167564834,1
257934949,2
97686700,1
73725335,1
103649913,2
197903023,1
153434378,1
10714039,1
282052972,1
88759352,2
92102177,1
35264447,4
48118779,5
45120292,1
32248913,1
106014415,1
237578633,6
304084564,1
218938553,3
158481258,2
309434439,1
28257781,1
69305825,1
299764859,1
151257543,1
116314616,1
144059425,1
92044753,1
89523414,53
92639430,1
10964000,1
260300423,1
577614,1
108033629,2
306893799,1
151234988,5
13227098,1
148773331,5
153823616,5
166385573,1
240948167,2
230187829,1
187877855,6
141593830,1
178789623,4
173931686,4
49724738,5
147154527,1
150968058,1
207319056,3
290573962,1
166081897,6
241834303,1
137837203,13
297059619,3
293478944,1
227047211,1
231945021,1
204319528,1
13873032,1
154276203,1
222259537,1
215727147,1
207248568,1
199806970,1
192429833,1
165683591,1
213231597,22
150820937,1
46301758,43
192627895,1
161811523,4
206595308,1
63075948,1
188642720,1
300513907,1
302823979,1
148631188,3
139804310,1
14153959,5
153495323,1
103260848,58
219747318,1
257045927,1
83123832,3
298144216,1
106346875,3
220235189,2
247669967,1
142408262,3
261745164,1
177578580,1
162453723,19
171986932,1
164196144,1
34582304,19
185825658,1
283558096,1
144505477,1
234262106,5
245844624,1
149144202,1
29239329,47
135091121,3
242325247,2
215877085,2
160620803,2
92600849,5
190061555,1
46585543,3
27262175,21
164805863,9
133459021,1
216487495,2
231584646,1
238808025,3
96167505,8
136357840,1
63808332,4
124070622,11
157899431,9
192623666,1
30064076,1
7203603,17
150789931,32
48415876,2
198380393,1
235692659,32
136953993,1
268585240,1
95819457,1
117402082,4
93034535,2
200524998,4
266278004,1
66357156,5
193539193,1
36611463,2
159524722,6
166234928,1
239413586,15
169183481,1
169688576,1
18036199,9
297690673,3
309181805,1
227535595,1
189957616,1
100267049,1
153545980,1
74716918,1
74709077,1
76881558,1
217770237,1
169576959,1
66464409,7
7585698,1
277984366,3
193058986,1
106042595,4
33013552,200
43684632,122
57271785,4
238481802,1
121168851,1
292710310,1
48984158,68
197328486,4
167153680,1
76767,20
3498717,1
196435579,1
10515535,1
152497084,21
107346769,3
149384813,1
158620881,6
108241539,1
224594322,1
106066141,2
94269421,59
153428440,1
174033209,2
228045441,3
68736721,1
300078123,1
287122626,1
26897314,1
181070203,6
177362386,1
234150209,1
255408941,1
15382030,1
148546383,1
217574533,2
241742834,2
181549899,2
307704705,1
137939290,1
201022896,4
193076632,1
58316550,3
122798021,27
213022303,4
269058144,1
61289147,1
282676810,1
106901665,2
189827182,1
72971410,1
193202632,2
215255305,1
84318201,10
33706322,51
274581452,1
138918389,1
100057229,4
263171804,1
31764594,1
246970452,1
231103175,1
250054424,3
199594907,1
121808566,3
285543474,1
297455922,1
95531306,16
301047544,1
217611749,1
151038065,1
136788043,1
150652861,1
153144971,5
7163917,7
102552233,15
193486352,18
152552195,1
225773581,1
221134306,1
226260133,2
244563268,1
256436660,1
178389754,1
5689496,1
130742617,1
147810275,1
209626174,1
226095163,1
299821244,1
166823535,1
50769696,27
183617329,1
155277811,1
63965791,9
155155363,3
93301496,1
216023925,6
252282604,1
183054457,1
114325392,3
154730370,41
30042027,15
126233699,1
172417199,1
207124179,1
212289859,1
180648547,4
59529444,15
63750749,2
209131025,1
93950791,1
306957991,1
121383308,1
278678644,1
164010859,1
149032069,1
267901212,1
129704982,2
167785065,5
166391678,1
247912887,17
157628719,1
234950941,2
148674157,38
234929278,4
15415372,18
215542922,2
101731521,4
229643946,1
199805188,3
228649481,5
90726321,3
71865634,1
33993318,2
309167186,1
1699101,1
65610147,10
147619919,1
142256500,1
200364872,1
86466985,9
184524833,1
108887922,1
255582025,1
147120267,1
92843672,3
156270296,1
200714421,1
52435421,7
191320556,1
128934005,2
41205215,1
95747088,2
49413665,7
165130491,1
206308003,2
131023125,11
202595940,1
152542298,3
156904436,1
48063019,1
217681801,1
242856576,1
159936874,1
282532526,1
301253133,1
119624572,2
149310293,1
163160256,1
145243748,28
145050295,1
116620161,1
123101539,45
91912195,2
198381433,1
166119884,1
255750768,1
112216065,1
214618086,1
92663477,46
182175005,1
296676579,1
216303146,2
187928878,1
88290913,4
140493636,1
219230362,1
33587126,1
59157389,10
132111476,1
294785149,3
245422124,2
194794185,1
237857246,2
136891549,4
101809411,1
55522584,4
282096494,1
226704675,1
292326196,1
149541004,1
238048910,4
21061921,148
307846753,1
168667709,1
255622304,2
215911849,2
134930004,1
242497886,1
97597061,1
180835471,1
273827660,1
130369238,14
215879414,1
135505928,1
167302978,3
41843900,1
52811164,1
160029841,1
278613910,2
134448504,1
144024725,1
89752173,3
240401181,2
165742641,2
251196267,1
190310322,1
88463863,1
209006754,5
106592046,6
189596415,1
134452836,1
94526239,2
206326595,1
171594027,1
280976178,1
86055705,146
184584285,2
198722652,10
204493190,7
20914736,3
78560022,17
231959681,1
58057627,48
119310413,27
206512772,1
49372322,3
141141039,1
267136496,1
95221376,1
33506449,1
298088734,1
216745133,1
127298726,1
182352880,1
173899197,2
293312087,3
299212897,2
165609158,1
114167965,1
166224568,15
242343035,1
240277855,1
54507379,19
123627691,2
183593307,1
89005236,10
169254022,4
293188300,1
182780973,1
196543616,1
87223060,1
303398143,1
163533808,1
214472043,1
1834453,2
189921721,1
16990576,1
145980974,1
3449240,57
293600797,5
213359499,1
114872913,1
66255019,74
112474535,1
39037163,72
55426012,128
187731882,3
137483421,2
208821410,5
149795092,5
188533496,1
285426740,1
109207860,5
233316747,1
213506795,1
45016429,1
25337857,18
156617310,1
29777760,2
150457019,1
197904909,21
29148231,3
191637518,6
280527612,1
188684779,3
93269664,1
167385563,1
156321775,1
309188905,2
168135178,1
236282125,1
292917073,1
258503400,1
61003041,2
150762951,1
171691017,10
4877411,5
86623169,2
302237901,1
161338471,6
294169103,1
139746888,1
69434488,18
125145239,1
296153709,1
300248088,2
45774794,39
187755082,2
128536244,1
36017955,2
180406842,2
100012061,1
159279906,1
205352214,1
121531316,2
242039522,1
113142233,1
160831523,1
170711828,2
266279128,1
22627659,1
145908178,6
146116064,1
206193312,4
298447605,1
218321238,2
35560181,1
180599430,1
128430362,2
166051525,1
222125122,1
27901693,7
62633395,26
154458931,15
108007732,55
296463465,1
223798950,1
232099107,1
244163929,1
175026514,4
65398650,169
180394356,2
221379737,1
219706418,1
98380332,1
22075531,3
282533716,1
193226877,2
168401940,1
231420711,1
113557230,2
28648610,5
101827664,1
166374827,2
108575170,4
227191434,1
175711893,2
145320311,7
205730271,2
249176501,1
224547146,1
127693647,1
96086538,1
121207655,3
57033787,7
125324040,2
106682261,2
18109027,6
137460095,7
279637570,1
261857176,1
205965436,16
307062543,1
207641091,1
84054119,2
198913824,1
60984151,1
260499716,1
195406396,1
221553173,1
144580725,25
54568397,10
288581914,1
203729080,1
213448361,1
80128229,86
133794741,1
65575604,2
205804636,1
270806652,2
108493237,1
232766649,2
141197436,1
136139505,16
105586920,13
89623082,1
153643202,1
244706504,1
242250632,1
252466573,1
132917640,2
239583217,1
201280043,3
157080495,22
102048000,1
224282935,1
27873947,3
189866742,1
111728146,1
160288543,4
70780053,12
209830063,3
138168089,1
241890870,1
218121619,6
294424417,2
231142279,1
161084061,1
213046303,1
257256783,6
145368259,1
70408902,82
309213952,1
46055854,47
151938509,4
77794924,1
187965381,1
118446513,1
96435667,1
110840027,1
37422528,37
119906029,1
152310454,1
221744925,1
110814860,2
288155906,1
193774881,1
224418566,2
120271188,2
218908889,1
56219610,24
284608638,1
251974333,2
48350308,1
70751383,2
109338714,1
185974015,1
162962869,1
155718820,25
307901099,1
96694736,1
285480540,1
114439892,1
145929178,1
255096684,4
129873202,1
86202400,1
77507107,1
175794402,1
278222242,1
63753977,1
98624880,1
82279854,1
249025556,2
210569339,1
291129250,1
80250756,13
30500254,2
256980620,2
58252208,3
159474046,1
203950540,1
188631532,1
170354414,1
128653133,2
112774446,1
248028481,1
135872798,1
209807861,20
177494738,1
182557942,13
80502960,2
293714430,1
189106314,1
202337908,1
273268792,1
249583916,1
270777688,1
138674360,1
169244260,1
22605909,11
135057976,1
234041171,1
194629782,1
59837634,5
73820367,2
110967402,1
126120127,1
69812769,2
55906572,169
45000709,1
235658693,2
71411882,22
80639000,1
167587171,1
53691822,2
181010210,8
120696775,8
84925352,13
174624794,1
256202715,1
258482885,19
152476201,1
251410133,1
84883272,22
276028696,2
19510434,3
296625428,1
255927683,1
129102620,7
159211669,2
198328209,1
163158659,1
172006888,5
106966738,1
184196436,1
201109162,1
183450002,1
216598286,1
202057920,4
303750703,1
192664331,2
242065029,1
41310195,1
11813637,37
104321718,2
175675929,1
58930204,2
228253535,1
197293332,1
282733934,1
72557176,1
309107542,1
242547207,1
219481235,2
274420728,1
70995384,2
188661370,2
175820566,1
216670429,2
298614625,1
49131499,1
19306933,1
303465665,1
196179331,1
38068919,1
101687527,65
169808233,2
239497677,2
5250,6
126567484,1
303274061,1
54826284,68
24610082,2
104159428,18
131394043,3
287494342,1
178491818,1
153166211,1
200083632,1
70821681,1
295442416,1
288164462,1
240382747,2
184858116,4
111091837,2
242639921,1
110875215,1
175554658,1
52672853,1
141108138,1
173925846,1
61506388,40
171057893,1
172116118,1
15095770,5
164399809,1
233983451,1
64973908,58
176949398,1
209658229,1
235125671,1
35290890,1
86502662,4
174137629,2
162692942,1
75463760,23
125404736,2
141003701,1
80189887,93
198996945,1
242136569,1
147149544,1
127974833,1
191126693,30
271006912,1
122189133,1
116831291,3
238002125,1
84221022,3
28453247,1
248561888,1
166125977,3
194970068,16
142799594,22
75517266,1
129425022,1
214169647,1
204748501,1
221958385,2
141156585,1
204296172,1
130062637,1
245504972,1
117118007,1
298431593,3
77903318,4
299581299,1
54637394,65
302160412,1
118695833,7
304236660,1
245445357,3
235032362,1
156689404,1
212748581,2
73968993,1
259528031,1
83367883,1
115160797,1
107977716,3
242378304,1
31178210,1
234522038,1
304403687,1
30699429,15
160993265,1
183998097,17
184594362,5
131386705,12
232557513,1
263759304,1
258806371,1
296883501,1
117435302,1
248639653,1
189685866,1
168053527,21
3897969,1
117949868,17
204631355,2
50553129,14
244495573,1
279317380,1
63489649,1
239744970,2
275521700,1
143987972,1
157741885,1
183760110,1
233479846,3
308402974,2
255810120,1
144197012,1
68559540,1
224397205,1
63763909,1
103631407,5
59325851,2
4824107,14
220956035,1
295084996,1
252024637,1
114017825,2
98314911,1
278609380,1
197179748,1
92299170,1
114781347,1
19616379,5
207602474,2
254094961,2
24721232,89
278473288,1
46014950,1
164884340,1
147750440,1
129221732,1
225048159,15
188250158,9
296947026,1
131712986,2
169517382,1
165353535,1
199816062,1
102950472,3
168571967,2
69422402,1
159726428,4
138294341,1
122551425,23
106797670,1
199005864,1
197262235,1
199678802,2
153361267,1
44426653,8
122444332,16
143770130,6
148327615,1
204168370,1
191299959,1
104120883,23
132008856,2
138941587,299
31162433,4
54097980,1
177969374,1
205479294,5
113312586,6
139909136,1
244491524,1
45411694,40
215476671,1
180753437,20
129585692,1
29983962,17
304215530,2
251614857,1
262430736,1
7249363,6
226095399,2
156271246,8
295649583,1
177190409,1
140809304,1
192969933,1
215667739,1
129452387,1
275442576,1
147456299,1
72135587,9
102270213,15
301340437,1
237810083,3
205124409,1
194920727,2
151015947,30
148893116,1
222158662,1
193245894,1
92901130,2
144463267,1
135414002,2
187905740,1
96365222,1
51030531,1
144665493,1
206815859,1
88544184,3
241289025,1
190693641,1
161046658,1
167093760,1
150100130,1
300162650,1
119721478,1
160453177,1
227231487,1
140931602,1
232463267,1
300643399,2
142706526,8
49063269,9
216711993,1
233088001,1
51085779,72
99355046,3
247822385,1
300136813,3
222578478,3
298504730,1
127220350,42
178414233,3
68809194,32
196751350,1
117727921,1
18604016,5
61389725,3
161632348,1
58529751,5
174287424,24
139272740,2
166405828,1
179044354,1
292939884,1
226320653,1
253713533,1
197288410,2
29243200,1
114578751,4
242212974,2
137603581,1
169506270,1
231777525,1
298890193,5
263771716,5
199568480,3
57166019,2
55016054,2
149449755,2
166237064,1
206183065,21
140225817,1
168882105,2
158608850,28
85009082,1
252012035,2
243008978,1
80224478,1
299833291,1
183421285,1
182851135,18
291313138,1
37723786,42
230299466,1
254928785,6
60958088,6
253814117,3
212255389,1
304497512,1
178634510,1
208162306,1
43955374,115
240028845,1
60260529,2
11713535,1
167441059,1
85862313,1
127992748,1
264625792,7
136037775,1
61046224,7
308880998,1
161241228,1
283540468,1
144716176,1
221316926,1
197861902,1
161666011,1
188377050,1
83867981,2
213307502,2
179317774,1
66280688,1
135508941,1
107841348,6
124707605,1
110658990,42
241132553,1
299064114,1
293333924,1
196066421,22
281824528,5
120838793,3
89531096,2
186310598,5
59477039,3
164662285,3
239050395,3
214343410,1
173961100,1
276225812,6
162809784,4
94908699,5
61378298,1
171696993,1
123974970,13
301472034,1
173967126,1
201033909,1
49462664,126
181836347,1
113407067,2
106426705,1
123361818,1
292172142,2
203765587,19
48365975,3
268487512,7
191203821,1
12985315,9
136029113,1
301005939,1
238392070,2
262217260,1
186939589,1
381543,1
99812428,1
86476768,3
75366244,3
154099092,1
268599796,3
